-- SQL ingestion file generated by pipeline

BEGIN;

-- =========================================================
-- ITEM 1: Old Navy Flare Jeans (Unit A)
-- =========================================================

INSERT INTO clothing_items (
    id,
    brand,
    garment_type,
    gender_category,
    size_label,
    standardized_size,
    condition,
    country_of_manufacture,
    original_retail_price,
    estimated_resale_price,
    care_instructions,
    confidence_score,
    inferred_fields,
    notes
) VALUES (
    'f3c9e5f2-9f5a-4a91-b9d7-6a8b6e7e5a01',
    'Old Navy',
    'jeans',
    'womens',
    '16 Regular',
    '16',
    'gently_used',
    'Cambodia',
    NULL,
    18.00,
    'Machine wash cold, wash inside out, tumble dry low, non-chlorine bleach only, low warm iron',
    0.92,
    ARRAY['season', 'estimated_resale_price'],
    'Unit A – identical SKU stored separately.'
);

INSERT INTO clothing_colors (item_id, color) VALUES
('f3c9e5f2-9f5a-4a91-b9d7-6a8b6e7e5a01', 'dark blue');

INSERT INTO clothing_materials (item_id, material) VALUES
('f3c9e5f2-9f5a-4a91-b9d7-6a8b6e7e5a01', 'cotton'),
('f3c9e5f2-9f5a-4a91-b9d7-6a8b6e7e5a01', 'polyester'),
('f3c9e5f2-9f5a-4a91-b9d7-6a8b6e7e5a01', 'elastane');

INSERT INTO clothing_images (item_id, filename, original_filename, view_type) VALUES
('f3c9e5f2-9f5a-4a91-b9d7-6a8b6e7e5a01', 'image-0000001.jpeg', '95CDC112-074B-4E0B-98FE-0ACFCD7EDCA7.jpeg', 'front'),
('f3c9e5f2-9f5a-4a91-b9d7-6a8b6e7e5a01', 'image-0000002.jpeg', '2ACA5AA7-1D65-4101-B8BC-C2AF48D9AD3E.jpeg', 'label'),
('f3c9e5f2-9f5a-4a91-b9d7-6a8b6e7e5a01', 'image-0000003.jpeg', '2C80E50F-9155-497E-A6ED-E30C2081629F.jpeg', 'tag');

-- =========================================================
-- ITEM 2: Old Navy Flare Jeans (Unit B – duplicate unit)
-- =========================================================

INSERT INTO clothing_items (
    id,
    brand,
    garment_type,
    gender_category,
    size_label,
    standardized_size,
    condition,
    country_of_manufacture,
    original_retail_price,
    estimated_resale_price,
    care_instructions,
    confidence_score,
    inferred_fields,
    notes
) VALUES (
    '6a7f92a4-1a0c-4c6e-8b17-f3f1d0f1c403',
    'Old Navy',
    'jeans',
    'womens',
    '16 Regular',
    '16',
    'gently_used',
    'Cambodia',
    NULL,
    16.00,
    'Machine wash cold, wash inside out, tumble dry low, non-chlorine bleach only, low warm iron',
    0.88,
    ARRAY['materials', 'country_of_manufacture', 'care_instructions', 'season', 'estimated_resale_price'],
    'Unit B – identical SKU stored separately.'
);

INSERT INTO clothing_colors (item_id, color) VALUES
('6a7f92a4-1a0c-4c6e-8b17-f3f1d0f1c403', 'dark blue');

INSERT INTO clothing_materials (item_id, material) VALUES
('6a7f92a4-1a0c-4c6e-8b17-f3f1d0f1c403', 'cotton'),
('6a7f92a4-1a0c-4c6e-8b17-f3f1d0f1c403', 'polyester'),
('6a7f92a4-1a0c-4c6e-8b17-f3f1d0f1c403', 'elastane');

INSERT INTO clothing_images (item_id, filename, original_filename, view_type) VALUES
('6a7f92a4-1a0c-4c6e-8b17-f3f1d0f1c403', 'image-0000004.jpeg', '7E3996E6-0653-4169-A63B-6AF8EA9CD91C.jpeg', 'front'),
('6a7f92a4-1a0c-4c6e-8b17-f3f1d0f1c403', 'image-0000005.jpeg', '3BE8441C-DA4A-4099-B8EC-77CEE6F88FF1.jpeg', 'label'),
('6a7f92a4-1a0c-4c6e-8b17-f3f1d0f1c403', 'image-0000006.jpeg', '69AF8902-CE9A-46E1-AA22-3C937E2F59C4.jpeg', 'tag');

-- =========================================================
-- ITEM 3: Gap 1969 Easy Leggings
-- =========================================================

INSERT INTO clothing_items (
    id,
    brand,
    garment_type,
    gender_category,
    size_label,
    standardized_size,
    condition,
    country_of_manufacture,
    original_retail_price,
    estimated_resale_price,
    care_instructions,
    confidence_score,
    inferred_fields,
    notes
) VALUES (
    '9d1cbe77-8f2a-4b4e-8c8f-61b7e4a31c02',
    'Gap 1969',
    'jeans',
    'womens',
    '34R',
    '34R',
    'new_with_tags',
    NULL,
    NULL,
    35.00,
    NULL,
    0.94,
    ARRAY['materials', 'season', 'estimated_resale_price'],
    'Easy Leggings cut; new with tags.'
);

INSERT INTO clothing_colors (item_id, color) VALUES
('9d1cbe77-8f2a-4b4e-8c8f-61b7e4a31c02', 'medium blue');

INSERT INTO clothing_materials (item_id, material) VALUES
('9d1cbe77-8f2a-4b4e-8c8f-61b7e4a31c02', 'cotton blend');

INSERT INTO clothing_images (item_id, filename, original_filename, view_type) VALUES
('9d1cbe77-8f2a-4b4e-8c8f-61b7e4a31c02', 'image-0000007.jpeg', 'E3A2F803-3C97-4824-8F33-D1E1D0E83B41.jpeg', 'front'),
('9d1cbe77-8f2a-4b4e-8c8f-61b7e4a31c02', 'image-0000008.jpeg', 'C498C50C-8664-4FD4-A9FB-D76D56422357.jpeg', 'label'),
('9d1cbe77-8f2a-4b4e-8c8f-61b7e4a31c02', 'image-0000009.jpeg', '473D21DE-1194-4DAB-8989-8C70675B76E0.jpeg', 'tag');

COMMIT;
