[
  {
    "id": "c92bce2d-eb5f-4ce7-bf57-2866ea908433",
    "brand": "Old Navy",
    "garment_type": "jeans",
    "gender_category": "womens",
    "size_label": "18 Regular",
    "standardized_size": "18",
    "colors": [
      "dark blue"
    ],
    "materials": [
      "cotton",
      "polyester",
      "elastane"
    ],
    "condition": "gently_used",
    "season": [
      "fall",
      "winter",
      "spring"
    ],
    "country_of_manufacture": null,
    "original_retail_price": null,
    "estimated_resale_price": 18.0,
    "care_instructions": null,
    "confidence_score": 0.9,
    "inferred_fields": [
      "season",
      "estimated_resale_price"
    ],
    "notes": "Old Navy Flare / Micro-Flare mid-rise.",
    "images": [
      {
        "filename": "image-0000010.jpeg",
        "original_filename": "C8681257-B498-4EF3-BFA7-64DE4BBC912C.jpeg",
        "view_type": "front"
      },
      {
        "filename": "image-0000011.jpeg",
        "original_filename": "7238909D-5CF4-4E34-A68C-3B2F947C1663.jpeg",
        "view_type": "label"
      },
      {
        "filename": "image-0000012.jpeg",
        "original_filename": "FB47054B-484B-47AE-8D71-0D96BCB638F8.jpeg",
        "view_type": "tag"
      }
    ]
  },
  {
    "id": "2e6e6d78-cada-491e-8f5b-084a6a0027e7",
    "brand": "Old Navy",
    "garment_type": "jeans",
    "gender_category": "womens",
    "size_label": "18 Regular",
    "standardized_size": "18",
    "colors": [
      "light blue"
    ],
    "materials": [
      "cotton",
      "polyester",
      "elastane"
    ],
    "condition": "gently_used",
    "season": [
      "spring",
      "summer"
    ],
    "country_of_manufacture": null,
    "original_retail_price": null,
    "estimated_resale_price": 17.0,
    "care_instructions": null,
    "confidence_score": 0.88,
    "inferred_fields": [
      "season",
      "estimated_resale_price"
    ],
    "notes": "Old Navy Micro-Flare, lighter wash.",
    "images": [
      {
        "filename": "image-0000013.jpeg",
        "original_filename": "ECC5EDD7-DC40-43BE-BC83-39B78B67E254.jpeg",
        "view_type": "front"
      },
      {
        "filename": "image-0000014.jpeg",
        "original_filename": "751DF0B6-880C-4F2D-92EA-5D32F4ABEC4A.jpeg",
        "view_type": "label"
      },
      {
        "filename": "image-0000015.jpeg",
        "original_filename": "E90468FB-8675-4058-A07F-7F6AF3C816F1.jpeg",
        "view_type": "tag"
      }
    ]
  },
  {
    "id": "5d2a5c03-26b4-45ce-9a2e-f03387c02b0f",
    "brand": "Gap 1969",
    "garment_type": "jeans",
    "gender_category": "womens",
    "size_label": "34R",
    "standardized_size": "34R",
    "colors": [
      "medium blue"
    ],
    "materials": [
      "cotton blend"
    ],
    "condition": "gently_used",
    "season": [
      "all-season"
    ],
    "country_of_manufacture": null,
    "original_retail_price": null,
    "estimated_resale_price": 28.0,
    "care_instructions": null,
    "confidence_score": 0.91,
    "inferred_fields": [
      "materials",
      "season",
      "estimated_resale_price"
    ],
    "notes": "Gap 1969 Perfect Boot.",
    "images": [
      {
        "filename": "image-0000016.jpeg",
        "original_filename": "544EFEED-BBA6-4393-81B9-560207C7A909.jpeg",
        "view_type": "front"
      },
      {
        "filename": "image-0000017.jpeg",
        "original_filename": "5E0658E4-85A1-4209-BDF6-FA6DFDB04770.jpeg",
        "view_type": "label"
      },
      {
        "filename": "image-0000018.jpeg",
        "original_filename": "90E04AF9-18C3-4FCB-8A0C-2EDF2751F922.jpeg",
        "view_type": "tag"
      }
    ]
  }
]